id,name,model_id:id,group_id:id,perm_read,perm_write,perm_create,perm_unlink
access_lab_service_user,lab.service.user,model_lab_service,laboratory_management.group_lab_user,1,0,0,0
access_lab_service_manager,lab.service.manager,model_lab_service,laboratory_management.group_lab_manager,1,1,1,1
access_lab_storage_location_user,lab.storage.location.user,model_lab_storage_location,laboratory_management.group_lab_user,1,0,0,0
access_lab_storage_location_manager,lab.storage.location.manager,model_lab_storage_location,laboratory_management.group_lab_manager,1,1,1,1
access_lab_storage_event_user,lab.sample.storage.event.user,model_lab_sample_storage_event,laboratory_management.group_lab_user,1,0,0,0
access_lab_storage_event_reviewer,lab.sample.storage.event.reviewer,model_lab_sample_storage_event,laboratory_management.group_lab_reviewer,1,1,1,0
access_lab_storage_event_manager,lab.sample.storage.event.manager,model_lab_sample_storage_event,laboratory_management.group_lab_manager,1,1,1,1
access_lab_disposal_record_user,lab.sample.disposal.record.user,model_lab_sample_disposal_record,laboratory_management.group_lab_user,1,0,0,0
access_lab_disposal_record_reviewer,lab.sample.disposal.record.reviewer,model_lab_sample_disposal_record,laboratory_management.group_lab_reviewer,1,1,1,0
access_lab_disposal_record_manager,lab.sample.disposal.record.manager,model_lab_sample_disposal_record,laboratory_management.group_lab_manager,1,1,1,1
access_lab_manual_review_digest_config_user,lab.manual.review.digest.config.user,model_lab_manual_review_digest_config,laboratory_management.group_lab_user,1,0,0,0
access_lab_manual_review_digest_config_manager,lab.manual.review.digest.config.manager,model_lab_manual_review_digest_config,laboratory_management.group_lab_manager,1,1,1,1
access_lab_review_reason_template_user,lab.review.reason.template.user,model_lab_review_reason_template,laboratory_management.group_lab_user,1,0,0,0
access_lab_review_reason_template_manager,lab.review.reason.template.manager,model_lab_review_reason_template,laboratory_management.group_lab_manager,1,1,1,1
access_lab_profile_user,lab.profile.user,model_lab_profile,laboratory_management.group_lab_user,1,0,0,0
access_lab_profile_line_user,lab.profile.line.user,model_lab_profile_line,laboratory_management.group_lab_user,1,0,0,0
access_lab_profile_manager,lab.profile.manager,model_lab_profile,laboratory_management.group_lab_manager,1,1,1,1
access_lab_profile_line_manager,lab.profile.line.manager,model_lab_profile_line,laboratory_management.group_lab_manager,1,1,1,1
access_lab_report_template_user,lab.report.template.user,model_lab_report_template,laboratory_management.group_lab_user,1,0,0,0
access_lab_report_template_manager,lab.report.template.manager,model_lab_report_template,laboratory_management.group_lab_manager,1,1,1,1
access_lab_nonconformance_user,lab.nonconformance.user,model_lab_nonconformance,laboratory_management.group_lab_user,1,0,0,0
access_lab_nonconformance_reviewer,lab.nonconformance.reviewer,model_lab_nonconformance,laboratory_management.group_lab_reviewer,1,1,1,0
access_lab_nonconformance_manager,lab.nonconformance.manager,model_lab_nonconformance,laboratory_management.group_lab_manager,1,1,1,1
access_lab_qc_material_user,lab.qc.material.user,model_lab_qc_material,laboratory_management.group_lab_user,1,0,0,0
access_lab_qc_material_manager,lab.qc.material.manager,model_lab_qc_material,laboratory_management.group_lab_manager,1,1,1,1
access_lab_qc_run_user,lab.qc.run.user,model_lab_qc_run,laboratory_management.group_lab_user,1,1,1,0
access_lab_qc_run_reviewer,lab.qc.run.reviewer,model_lab_qc_run,laboratory_management.group_lab_reviewer,1,1,1,0
access_lab_reagent_lot_user,lab.reagent.lot.user,model_lab_reagent_lot,laboratory_management.group_lab_user,1,0,0,0
access_lab_reagent_lot_manager,lab.reagent.lot.manager,model_lab_reagent_lot,laboratory_management.group_lab_manager,1,1,1,1
access_lab_instrument_user,lab.instrument.user,model_lab_instrument,laboratory_management.group_lab_user,1,0,0,0
access_lab_instrument_manager,lab.instrument.manager,model_lab_instrument,laboratory_management.group_lab_manager,1,1,1,1
access_lab_instrument_map_user,lab.instrument.map.user,model_lab_instrument_test_map,laboratory_management.group_lab_user,1,0,0,0
access_lab_instrument_map_manager,lab.instrument.map.manager,model_lab_instrument_test_map,laboratory_management.group_lab_manager,1,1,1,1
access_lab_import_job_user,lab.import.job.user,model_lab_import_job,laboratory_management.group_lab_user,1,0,0,0
access_lab_import_job_manager,lab.import.job.manager,model_lab_import_job,laboratory_management.group_lab_manager,1,1,1,1
access_lab_import_job_line_user,lab.import.job.line.user,model_lab_import_job_line,laboratory_management.group_lab_user,1,0,0,0
access_lab_import_job_line_manager,lab.import.job.line.manager,model_lab_import_job_line,laboratory_management.group_lab_manager,1,1,1,1
access_lab_sample_user,lab.sample.user,model_lab_sample,laboratory_management.group_lab_user,1,1,1,0
access_lab_sample_reviewer,lab.sample.reviewer,model_lab_sample,laboratory_management.group_lab_reviewer,1,1,1,0
access_lab_analysis_user,lab.sample.analysis.user,model_lab_sample_analysis,laboratory_management.group_lab_user,1,1,1,0
access_lab_analysis_reviewer,lab.sample.analysis.reviewer,model_lab_sample_analysis,laboratory_management.group_lab_reviewer,1,1,1,0
access_lab_amendment_user,lab.sample.amendment.user,model_lab_sample_amendment,laboratory_management.group_lab_user,1,0,0,0
access_lab_amendment_reviewer,lab.sample.amendment.reviewer,model_lab_sample_amendment,laboratory_management.group_lab_reviewer,1,1,1,0
access_lab_amendment_manager,lab.sample.amendment.manager,model_lab_sample_amendment,laboratory_management.group_lab_manager,1,1,1,1
access_lab_timeline_user,lab.sample.timeline.user,model_lab_sample_timeline,laboratory_management.group_lab_user,1,0,0,0
access_lab_timeline_reviewer,lab.sample.timeline.reviewer,model_lab_sample_timeline,laboratory_management.group_lab_reviewer,1,1,1,0
access_lab_timeline_manager,lab.sample.timeline.manager,model_lab_sample_timeline,laboratory_management.group_lab_manager,1,1,1,1
access_lab_signoff_user,lab.sample.signoff.user,model_lab_sample_signoff,laboratory_management.group_lab_user,1,0,0,0
access_lab_signoff_reviewer,lab.sample.signoff.reviewer,model_lab_sample_signoff,laboratory_management.group_lab_reviewer,1,1,1,0
access_lab_signoff_manager,lab.sample.signoff.manager,model_lab_sample_signoff,laboratory_management.group_lab_manager,1,1,1,1
access_lab_custody_user,lab.sample.custody.user,model_lab_sample_custody,laboratory_management.group_lab_user,1,0,0,0
access_lab_custody_reviewer,lab.sample.custody.reviewer,model_lab_sample_custody,laboratory_management.group_lab_reviewer,1,1,1,0
access_lab_custody_manager,lab.sample.custody.manager,model_lab_sample_custody,laboratory_management.group_lab_manager,1,1,1,1
access_lab_worksheet_user,lab.worksheet.user,model_lab_worksheet,laboratory_management.group_lab_user,1,1,1,0
access_lab_worksheet_manager,lab.worksheet.manager,model_lab_worksheet,laboratory_management.group_lab_manager,1,1,1,1
access_lab_sample_portal,lab.sample.portal,model_lab_sample,base.group_portal,1,0,0,0
access_lab_analysis_portal,lab.sample.analysis.portal,model_lab_sample_analysis,base.group_portal,1,0,0,0
access_lab_result_import_wizard_user,lab.result.import.wizard.user,model_lab_result_import_wizard,laboratory_management.group_lab_user,1,1,1,1
access_lab_instrument_result_import_wizard_user,lab.instrument.result.import.wizard.user,model_lab_instrument_result_import_wizard,laboratory_management.group_lab_user,1,1,1,1
access_lab_sample_receive_wizard_user,lab.sample.receive.wizard.user,model_lab_sample_receive_wizard,laboratory_management.group_lab_user,1,1,1,1
access_lab_sample_transfer_custody_wizard_user,lab.sample.transfer.custody.wizard.user,model_lab_sample_transfer_custody_wizard,laboratory_management.group_lab_user,1,1,1,1
access_lab_analysis_bulk_review_wizard_user,lab.analysis.bulk.review.wizard.user,model_lab_analysis_bulk_review_wizard,laboratory_management.group_lab_user,1,1,1,1
access_lab_manual_review_report_wizard_user,lab.manual.review.report.wizard.user,model_lab_manual_review_report_wizard,laboratory_management.group_lab_user,1,1,1,1
access_lab_manual_review_report_line_user,lab.manual.review.report.line.user,model_lab_manual_review_report_line,laboratory_management.group_lab_user,1,1,1,1
access_lab_manual_review_reviewer_line_user,lab.manual.review.reviewer.line.user,model_lab_manual_review_reviewer_line,laboratory_management.group_lab_user,1,1,1,1
access_lab_storage_bulk_operation_wizard_user,lab.storage.bulk.operation.wizard.user,model_lab_storage_bulk_operation_wizard,laboratory_management.group_lab_user,1,1,1,1
access_lab_sample_custody_batch_user,lab.sample.custody.batch.user,model_lab_sample_custody_batch,laboratory_management.group_lab_user,1,1,1,0
access_lab_sample_custody_batch_reviewer,lab.sample.custody.batch.reviewer,model_lab_sample_custody_batch,laboratory_management.group_lab_reviewer,1,1,1,0
access_lab_sample_custody_batch_manager,lab.sample.custody.batch.manager,model_lab_sample_custody_batch,laboratory_management.group_lab_manager,1,1,1,1
access_lab_sample_custody_batch_line_user,lab.sample.custody.batch.line.user,model_lab_sample_custody_batch_line,laboratory_management.group_lab_user,1,1,1,0
access_lab_sample_custody_batch_line_reviewer,lab.sample.custody.batch.line.reviewer,model_lab_sample_custody_batch_line,laboratory_management.group_lab_reviewer,1,1,1,0
access_lab_sample_custody_batch_line_manager,lab.sample.custody.batch.line.manager,model_lab_sample_custody_batch_line,laboratory_management.group_lab_manager,1,1,1,1
access_lab_sample_custody_batch_signoff_user,lab.sample.custody.batch.signoff.user,model_lab_sample_custody_batch_signoff,laboratory_management.group_lab_user,1,0,0,0
access_lab_sample_custody_batch_signoff_reviewer,lab.sample.custody.batch.signoff.reviewer,model_lab_sample_custody_batch_signoff,laboratory_management.group_lab_reviewer,1,1,1,0
access_lab_sample_custody_batch_signoff_manager,lab.sample.custody.batch.signoff.manager,model_lab_sample_custody_batch_signoff,laboratory_management.group_lab_manager,1,1,1,1
access_lab_custody_receive_session_user,lab.custody.receive.session.user,model_lab_custody_receive_session,laboratory_management.group_lab_user,1,1,1,0
access_lab_custody_receive_session_reviewer,lab.custody.receive.session.reviewer,model_lab_custody_receive_session,laboratory_management.group_lab_reviewer,1,1,1,0
access_lab_custody_receive_session_manager,lab.custody.receive.session.manager,model_lab_custody_receive_session,laboratory_management.group_lab_manager,1,1,1,1
access_lab_custody_receive_session_line_user,lab.custody.receive.session.line.user,model_lab_custody_receive_session_line,laboratory_management.group_lab_user,1,1,1,0
access_lab_custody_receive_session_line_reviewer,lab.custody.receive.session.line.reviewer,model_lab_custody_receive_session_line,laboratory_management.group_lab_reviewer,1,1,1,0
access_lab_custody_receive_session_line_manager,lab.custody.receive.session.line.manager,model_lab_custody_receive_session_line,laboratory_management.group_lab_manager,1,1,1,1
access_lab_custody_investigation_user,lab.custody.investigation.user,model_lab_custody_investigation,laboratory_management.group_lab_user,1,1,1,0
access_lab_custody_investigation_reviewer,lab.custody.investigation.reviewer,model_lab_custody_investigation,laboratory_management.group_lab_reviewer,1,1,1,0
access_lab_custody_investigation_manager,lab.custody.investigation.manager,model_lab_custody_investigation,laboratory_management.group_lab_manager,1,1,1,1
access_lab_custody_investigation_action_user,lab.custody.investigation.action.user,model_lab_custody_investigation_action,laboratory_management.group_lab_user,1,1,1,0
access_lab_custody_investigation_action_reviewer,lab.custody.investigation.action.reviewer,model_lab_custody_investigation_action,laboratory_management.group_lab_reviewer,1,1,1,0
access_lab_custody_investigation_action_manager,lab.custody.investigation.action.manager,model_lab_custody_investigation_action,laboratory_management.group_lab_manager,1,1,1,1
access_lab_custody_receive_wizard_user,lab.custody.receive.wizard.user,model_lab_custody_receive_wizard,laboratory_management.group_lab_user,1,1,1,1
access_lab_custody_sla_policy_user,lab.custody.sla.policy.user,model_lab_custody_sla_policy,laboratory_management.group_lab_user,1,0,0,0
access_lab_custody_sla_policy_manager,lab.custody.sla.policy.manager,model_lab_custody_sla_policy,laboratory_management.group_lab_manager,1,1,1,1
access_lab_custody_sla_policy_line_user,lab.custody.sla.policy.line.user,model_lab_custody_sla_policy_line,laboratory_management.group_lab_user,1,0,0,0
access_lab_custody_sla_policy_line_manager,lab.custody.sla.policy.line.manager,model_lab_custody_sla_policy_line,laboratory_management.group_lab_manager,1,1,1,1
access_lab_custody_escalation_log_user,lab.custody.escalation.log.user,model_lab_custody_escalation_log,laboratory_management.group_lab_user,1,0,0,0
access_lab_custody_escalation_log_reviewer,lab.custody.escalation.log.reviewer,model_lab_custody_escalation_log,laboratory_management.group_lab_reviewer,1,1,1,0
access_lab_custody_escalation_log_manager,lab.custody.escalation.log.manager,model_lab_custody_escalation_log,laboratory_management.group_lab_manager,1,1,1,1
access_lab_custody_investigation_bulk_update_wizard_user,lab.custody.investigation.bulk.update.wizard.user,model_lab_custody_investigation_bulk_update_wizard,laboratory_management.group_lab_user,1,1,1,1
access_lab_custody_exception_template_user,lab.custody.exception.template.user,model_lab_custody_exception_template,laboratory_management.group_lab_user,1,0,0,0
access_lab_custody_exception_template_manager,lab.custody.exception.template.manager,model_lab_custody_exception_template,laboratory_management.group_lab_manager,1,1,1,1
access_lab_custody_batch_add_samples_wizard_user,lab.custody.batch.add.samples.wizard.user,model_lab_custody_batch_add_samples_wizard,laboratory_management.group_lab_user,1,1,1,1
access_lab_workbench_wizard_user,lab.workbench.wizard.user,model_lab_workbench_wizard,laboratory_management.group_lab_user,1,1,1,1
access_lab_kpi_dashboard_wizard_user,lab.kpi.dashboard.wizard.user,model_lab_kpi_dashboard_wizard,laboratory_management.group_lab_user,1,1,1,1
access_lab_sample_ai_interpretation_user,lab.sample.ai.interpretation.user,model_lab_sample_ai_interpretation,laboratory_management.group_lab_user,1,0,0,0
access_lab_sample_ai_interpretation_reviewer,lab.sample.ai.interpretation.reviewer,model_lab_sample_ai_interpretation,laboratory_management.group_lab_reviewer,1,1,1,0
access_lab_sample_ai_interpretation_manager,lab.sample.ai.interpretation.manager,model_lab_sample_ai_interpretation,laboratory_management.group_lab_manager,1,1,1,1
access_lab_sample_ai_interpretation_portal,lab.sample.ai.interpretation.portal,model_lab_sample_ai_interpretation,base.group_portal,1,0,0,0
access_lab_sample_ai_review_log_user,lab.sample.ai.review.log.user,model_lab_sample_ai_review_log,laboratory_management.group_lab_user,1,0,0,0
access_lab_sample_ai_review_log_reviewer,lab.sample.ai.review.log.reviewer,model_lab_sample_ai_review_log,laboratory_management.group_lab_reviewer,1,1,1,0
access_lab_sample_ai_review_log_manager,lab.sample.ai.review.log.manager,model_lab_sample_ai_review_log,laboratory_management.group_lab_manager,1,1,1,1
access_lab_sample_ai_review_log_portal,lab.sample.ai.review.log.portal,model_lab_sample_ai_review_log,base.group_portal,1,0,0,0
access_lab_sample_review_log_user,lab.sample.review.log.user,model_lab_sample_review_log,laboratory_management.group_lab_user,1,0,0,0
access_lab_sample_review_log_reviewer,lab.sample.review.log.reviewer,model_lab_sample_review_log,laboratory_management.group_lab_reviewer,1,1,1,0
access_lab_sample_review_log_manager,lab.sample.review.log.manager,model_lab_sample_review_log,laboratory_management.group_lab_manager,1,1,1,1
access_lab_sample_review_log_portal,lab.sample.review.log.portal,model_lab_sample_review_log,base.group_portal,1,0,0,0
access_lab_report_dispatch_user,lab.report.dispatch.user,model_lab_report_dispatch,laboratory_management.group_lab_user,1,0,0,0
access_lab_report_dispatch_reviewer,lab.report.dispatch.reviewer,model_lab_report_dispatch,laboratory_management.group_lab_reviewer,1,1,1,0
access_lab_report_dispatch_manager,lab.report.dispatch.manager,model_lab_report_dispatch,laboratory_management.group_lab_manager,1,1,1,1
access_lab_report_dispatch_portal,lab.report.dispatch.portal,model_lab_report_dispatch,base.group_portal,1,0,0,0
access_lab_report_dispatch_log_user,lab.report.dispatch.log.user,model_lab_report_dispatch_log,laboratory_management.group_lab_user,1,0,0,0
access_lab_report_dispatch_log_reviewer,lab.report.dispatch.log.reviewer,model_lab_report_dispatch_log,laboratory_management.group_lab_reviewer,1,1,1,0
access_lab_report_dispatch_log_manager,lab.report.dispatch.log.manager,model_lab_report_dispatch_log,laboratory_management.group_lab_manager,1,1,1,1
access_lab_report_dispatch_log_portal,lab.report.dispatch.log.portal,model_lab_report_dispatch_log,base.group_portal,1,0,0,0
access_lab_report_ack_signature_user,lab.report.ack.signature.user,model_lab_report_ack_signature,laboratory_management.group_lab_user,1,0,0,0
access_lab_report_ack_signature_reviewer,lab.report.ack.signature.reviewer,model_lab_report_ack_signature,laboratory_management.group_lab_reviewer,1,1,1,0
access_lab_report_ack_signature_manager,lab.report.ack.signature.manager,model_lab_report_ack_signature,laboratory_management.group_lab_manager,1,1,1,1
access_lab_report_ack_signature_portal,lab.report.ack.signature.portal,model_lab_report_ack_signature,base.group_portal,1,0,0,0
access_lab_quality_program_user,lab.quality.program.user,model_lab_quality_program,laboratory_management.group_lab_user,1,0,0,0
access_lab_quality_program_reviewer,lab.quality.program.reviewer,model_lab_quality_program,laboratory_management.group_lab_reviewer,1,1,1,0
access_lab_quality_program_manager,lab.quality.program.manager,model_lab_quality_program,laboratory_management.group_lab_manager,1,1,1,1
access_lab_quality_program_line_user,lab.quality.program.line.user,model_lab_quality_program_line,laboratory_management.group_lab_user,1,0,0,0
access_lab_quality_program_line_reviewer,lab.quality.program.line.reviewer,model_lab_quality_program_line,laboratory_management.group_lab_reviewer,1,1,1,0
access_lab_quality_program_line_manager,lab.quality.program.line.manager,model_lab_quality_program_line,laboratory_management.group_lab_manager,1,1,1,1
access_lab_quality_audit_user,lab.quality.audit.user,model_lab_quality_audit,laboratory_management.group_lab_user,1,0,0,0
access_lab_quality_audit_reviewer,lab.quality.audit.reviewer,model_lab_quality_audit,laboratory_management.group_lab_reviewer,1,1,1,0
access_lab_quality_audit_manager,lab.quality.audit.manager,model_lab_quality_audit,laboratory_management.group_lab_manager,1,1,1,1
access_lab_quality_audit_finding_user,lab.quality.audit.finding.user,model_lab_quality_audit_finding,laboratory_management.group_lab_user,1,0,0,0
access_lab_quality_audit_finding_reviewer,lab.quality.audit.finding.reviewer,model_lab_quality_audit_finding,laboratory_management.group_lab_reviewer,1,1,1,0
access_lab_quality_audit_finding_manager,lab.quality.audit.finding.manager,model_lab_quality_audit_finding,laboratory_management.group_lab_manager,1,1,1,1
access_lab_quality_training_user,lab.quality.training.user,model_lab_quality_training,laboratory_management.group_lab_user,1,0,0,0
access_lab_quality_training_reviewer,lab.quality.training.reviewer,model_lab_quality_training,laboratory_management.group_lab_reviewer,1,1,1,0
access_lab_quality_training_manager,lab.quality.training.manager,model_lab_quality_training,laboratory_management.group_lab_manager,1,1,1,1
access_lab_quality_training_attendee_user,lab.quality.training.attendee.user,model_lab_quality_training_attendee,laboratory_management.group_lab_user,1,0,0,0
access_lab_quality_training_attendee_reviewer,lab.quality.training.attendee.reviewer,model_lab_quality_training_attendee,laboratory_management.group_lab_reviewer,1,1,1,0
access_lab_quality_training_attendee_manager,lab.quality.training.attendee.manager,model_lab_quality_training_attendee,laboratory_management.group_lab_manager,1,1,1,1
access_lab_quality_kpi_snapshot_user,lab.quality.kpi.snapshot.user,model_lab_quality_kpi_snapshot,laboratory_management.group_lab_user,1,0,0,0
access_lab_quality_kpi_snapshot_reviewer,lab.quality.kpi.snapshot.reviewer,model_lab_quality_kpi_snapshot,laboratory_management.group_lab_reviewer,1,1,1,0
access_lab_quality_kpi_snapshot_manager,lab.quality.kpi.snapshot.manager,model_lab_quality_kpi_snapshot,laboratory_management.group_lab_manager,1,1,1,1
access_lab_method_validation_user,lab.method.validation.user,model_lab_method_validation,laboratory_management.group_lab_user,1,0,0,0
access_lab_method_validation_reviewer,lab.method.validation.reviewer,model_lab_method_validation,laboratory_management.group_lab_reviewer,1,1,1,0
access_lab_method_validation_manager,lab.method.validation.manager,model_lab_method_validation,laboratory_management.group_lab_quality_manager,1,1,1,1
access_lab_test_request_user,lab.test.request.user,model_lab_test_request,laboratory_management.group_lab_user,1,1,1,0
access_lab_test_request_reviewer,lab.test.request.reviewer,model_lab_test_request,laboratory_management.group_lab_reviewer,1,1,1,0
access_lab_test_request_manager,lab.test.request.manager,model_lab_test_request,laboratory_management.group_lab_manager,1,1,1,1
access_lab_test_request_portal,lab.test.request.portal,model_lab_test_request,base.group_portal,1,0,0,0
access_lab_test_request_line_user,lab.test.request.line.user,model_lab_test_request_line,laboratory_management.group_lab_user,1,1,1,0
access_lab_test_request_line_reviewer,lab.test.request.line.reviewer,model_lab_test_request_line,laboratory_management.group_lab_reviewer,1,1,1,0
access_lab_test_request_line_manager,lab.test.request.line.manager,model_lab_test_request_line,laboratory_management.group_lab_manager,1,1,1,1
access_lab_test_request_line_portal,lab.test.request.line.portal,model_lab_test_request_line,base.group_portal,1,0,0,0
access_lab_test_request_timeline_user,lab.test.request.timeline.user,model_lab_test_request_timeline,laboratory_management.group_lab_user,1,0,0,0
access_lab_test_request_timeline_reviewer,lab.test.request.timeline.reviewer,model_lab_test_request_timeline,laboratory_management.group_lab_reviewer,1,1,1,0
access_lab_test_request_timeline_manager,lab.test.request.timeline.manager,model_lab_test_request_timeline,laboratory_management.group_lab_manager,1,1,1,1
access_lab_test_request_timeline_portal,lab.test.request.timeline.portal,model_lab_test_request_timeline,base.group_portal,1,0,0,0
access_lab_test_request_quote_revision_user,lab.test.request.quote.revision.user,model_lab_test_request_quote_revision,laboratory_management.group_lab_user,1,0,0,0
access_lab_test_request_quote_revision_reviewer,lab.test.request.quote.revision.reviewer,model_lab_test_request_quote_revision,laboratory_management.group_lab_reviewer,1,1,1,0
access_lab_test_request_quote_revision_manager,lab.test.request.quote.revision.manager,model_lab_test_request_quote_revision,laboratory_management.group_lab_manager,1,1,1,1
access_lab_test_request_quote_revision_portal,lab.test.request.quote.revision.portal,model_lab_test_request_quote_revision,base.group_portal,1,0,0,0
access_lab_request_invoice_user,lab.request.invoice.user,model_lab_request_invoice,laboratory_management.group_lab_user,1,0,0,0
access_lab_request_invoice_reviewer,lab.request.invoice.reviewer,model_lab_request_invoice,laboratory_management.group_lab_reviewer,1,1,1,0
access_lab_request_invoice_manager,lab.request.invoice.manager,model_lab_request_invoice,laboratory_management.group_lab_manager,1,1,1,1
access_lab_request_invoice_portal,lab.request.invoice.portal,model_lab_request_invoice,base.group_portal,1,0,0,0
access_lab_request_invoice_line_user,lab.request.invoice.line.user,model_lab_request_invoice_line,laboratory_management.group_lab_user,1,0,0,0
access_lab_request_invoice_line_reviewer,lab.request.invoice.line.reviewer,model_lab_request_invoice_line,laboratory_management.group_lab_reviewer,1,1,1,0
access_lab_request_invoice_line_manager,lab.request.invoice.line.manager,model_lab_request_invoice_line,laboratory_management.group_lab_manager,1,1,1,1
access_lab_request_invoice_line_portal,lab.request.invoice.line.portal,model_lab_request_invoice_line,base.group_portal,1,0,0,0
access_lab_request_payment_user,lab.request.payment.user,model_lab_request_payment,laboratory_management.group_lab_user,1,1,1,0
access_lab_request_payment_reviewer,lab.request.payment.reviewer,model_lab_request_payment,laboratory_management.group_lab_reviewer,1,1,1,0
access_lab_request_payment_manager,lab.request.payment.manager,model_lab_request_payment,laboratory_management.group_lab_manager,1,1,1,1
access_lab_request_payment_portal,lab.request.payment.portal,model_lab_request_payment,base.group_portal,1,0,1,0
access_lab_retest_policy_user,lab.retest.policy.user,model_lab_retest_policy,laboratory_management.group_lab_user,1,0,0,0
access_lab_retest_policy_manager,lab.retest.policy.manager,model_lab_retest_policy,laboratory_management.group_lab_manager,1,1,1,1
access_lab_department_sop_user,lab.department.sop.user,model_lab_department_sop,laboratory_management.group_lab_user,1,0,0,0
access_lab_department_sop_manager,lab.department.sop.manager,model_lab_department_sop,laboratory_management.group_lab_manager,1,1,1,1
access_lab_department_sop_step_user,lab.department.sop.step.user,model_lab_department_sop_step,laboratory_management.group_lab_user,1,0,0,0
access_lab_department_sop_step_manager,lab.department.sop.step.manager,model_lab_department_sop_step,laboratory_management.group_lab_manager,1,1,1,1
access_lab_sop_exception_route_user,lab.sop.exception.route.user,model_lab_sop_exception_route,laboratory_management.group_lab_user,1,0,0,0
access_lab_sop_exception_route_manager,lab.sop.exception.route.manager,model_lab_sop_exception_route,laboratory_management.group_lab_manager,1,1,1,1
access_lab_permission_matrix_user,lab.permission.matrix.user,model_lab_permission_matrix,laboratory_management.group_lab_manager,1,0,0,0
access_lab_permission_matrix_manager,lab.permission.matrix.manager,model_lab_permission_matrix,laboratory_management.group_lab_interface_admin,1,1,1,1
access_lab_interface_endpoint_user,lab.interface.endpoint.user,model_lab_interface_endpoint,laboratory_management.group_lab_user,1,0,0,0
access_lab_interface_endpoint_manager,lab.interface.endpoint.manager,model_lab_interface_endpoint,laboratory_management.group_lab_interface_admin,1,1,1,1
access_lab_interface_job_user,lab.interface.job.user,model_lab_interface_job,laboratory_management.group_lab_user,1,1,1,0
access_lab_interface_job_manager,lab.interface.job.manager,model_lab_interface_job,laboratory_management.group_lab_interface_admin,1,1,1,1
access_lab_interface_mapping_profile_user,lab.interface.mapping.profile.user,model_lab_interface_mapping_profile,laboratory_management.group_lab_user,1,0,0,0
access_lab_interface_mapping_profile_manager,lab.interface.mapping.profile.manager,model_lab_interface_mapping_profile,laboratory_management.group_lab_interface_admin,1,1,1,1
access_lab_interface_mapping_line_user,lab.interface.mapping.line.user,model_lab_interface_mapping_line,laboratory_management.group_lab_user,1,0,0,0
access_lab_interface_mapping_line_manager,lab.interface.mapping.line.manager,model_lab_interface_mapping_line,laboratory_management.group_lab_interface_admin,1,1,1,1
access_lab_interface_audit_log_user,lab.interface.audit.log.user,model_lab_interface_audit_log,laboratory_management.group_lab_reviewer,1,0,0,0
access_lab_interface_audit_log_manager,lab.interface.audit.log.manager,model_lab_interface_audit_log,laboratory_management.group_lab_interface_admin,1,1,1,1
access_lab_eqa_scheme_user,lab.eqa.scheme.user,model_lab_eqa_scheme,laboratory_management.group_lab_user,1,0,0,0
access_lab_eqa_scheme_manager,lab.eqa.scheme.manager,model_lab_eqa_scheme,laboratory_management.group_lab_quality_manager,1,1,1,1
access_lab_eqa_round_user,lab.eqa.round.user,model_lab_eqa_round,laboratory_management.group_lab_user,1,1,1,0
access_lab_eqa_round_manager,lab.eqa.round.manager,model_lab_eqa_round,laboratory_management.group_lab_quality_manager,1,1,1,1
access_lab_eqa_result_user,lab.eqa.result.user,model_lab_eqa_result,laboratory_management.group_lab_user,1,1,1,0
access_lab_eqa_result_manager,lab.eqa.result.manager,model_lab_eqa_result,laboratory_management.group_lab_quality_manager,1,1,1,1
access_lab_compliance_snapshot_user,lab.compliance.snapshot.user,model_lab_compliance_snapshot,laboratory_management.group_lab_reviewer,1,0,0,0
access_lab_compliance_snapshot_manager,lab.compliance.snapshot.manager,model_lab_compliance_snapshot,laboratory_management.group_lab_quality_manager,1,1,1,1
access_lab_compliance_snapshot_line_user,lab.compliance.snapshot.line.user,model_lab_compliance_snapshot_line,laboratory_management.group_lab_reviewer,1,0,0,0
access_lab_compliance_snapshot_line_manager,lab.compliance.snapshot.line.manager,model_lab_compliance_snapshot_line,laboratory_management.group_lab_quality_manager,1,1,1,1
access_lab_department_queue_rule_user,lab.department.queue.rule.user,model_lab_department_queue_rule,laboratory_management.group_lab_user,1,0,0,0
access_lab_department_queue_rule_manager,lab.department.queue.rule.manager,model_lab_department_queue_rule,laboratory_management.group_lab_manager,1,1,1,1
access_lab_department_workbench_wizard_user,lab.department.workbench.wizard.user,model_lab_department_workbench_wizard,laboratory_management.group_lab_user,1,1,1,1
access_lab_department_workbench_rule_run_user,lab.department.workbench.rule.run.user,model_lab_department_workbench_rule_run,laboratory_management.group_lab_reviewer,1,0,0,0
access_lab_department_workbench_rule_run_manager,lab.department.workbench.rule.run.manager,model_lab_department_workbench_rule_run,laboratory_management.group_lab_manager,1,1,1,1
access_lab_hl7_template_user,lab.hl7.template.user,model_lab_hl7_template,laboratory_management.group_lab_user,1,0,0,0
access_lab_hl7_template_manager,lab.hl7.template.manager,model_lab_hl7_template,laboratory_management.group_lab_interface_admin,1,1,1,1
access_lab_hl7_template_segment_user,lab.hl7.template.segment.user,model_lab_hl7_template_segment,laboratory_management.group_lab_user,1,0,0,0
access_lab_hl7_template_segment_manager,lab.hl7.template.segment.manager,model_lab_hl7_template_segment,laboratory_management.group_lab_interface_admin,1,1,1,1
access_lab_qc_trend_profile_user,lab.qc.trend.profile.user,model_lab_qc_trend_profile,laboratory_management.group_lab_user,1,0,0,0
access_lab_qc_trend_profile_manager,lab.qc.trend.profile.manager,model_lab_qc_trend_profile,laboratory_management.group_lab_quality_manager,1,1,1,1
access_lab_qc_trend_snapshot_user,lab.qc.trend.snapshot.user,model_lab_qc_trend_snapshot,laboratory_management.group_lab_reviewer,1,1,1,0
access_lab_qc_trend_snapshot_manager,lab.qc.trend.snapshot.manager,model_lab_qc_trend_snapshot,laboratory_management.group_lab_quality_manager,1,1,1,1
access_lab_qc_trend_snapshot_line_user,lab.qc.trend.snapshot.line.user,model_lab_qc_trend_snapshot_line,laboratory_management.group_lab_reviewer,1,0,0,0
access_lab_qc_trend_snapshot_line_manager,lab.qc.trend.snapshot.line.manager,model_lab_qc_trend_snapshot_line,laboratory_management.group_lab_quality_manager,1,1,1,1
access_lab_compliance_audit_report_user,lab.compliance.audit.report.user,model_lab_compliance_audit_report,laboratory_management.group_lab_reviewer,1,1,1,0
access_lab_compliance_audit_report_manager,lab.compliance.audit.report.manager,model_lab_compliance_audit_report,laboratory_management.group_lab_quality_manager,1,1,1,1
access_lab_compliance_audit_report_line_user,lab.compliance.audit.report.line.user,model_lab_compliance_audit_report_line,laboratory_management.group_lab_reviewer,1,0,0,0
access_lab_compliance_audit_report_line_manager,lab.compliance.audit.report.line.manager,model_lab_compliance_audit_report_line,laboratory_management.group_lab_quality_manager,1,1,1,1
access_lab_interface_analytics_report_user,lab.interface.analytics.report.user,model_lab_interface_analytics_report,laboratory_management.group_lab_reviewer,1,1,1,0
access_lab_interface_analytics_report_manager,lab.interface.analytics.report.manager,model_lab_interface_analytics_report,laboratory_management.group_lab_interface_admin,1,1,1,1
access_lab_sop_retest_strategy_user,lab.sop.retest.strategy.user,model_lab_sop_retest_strategy,laboratory_management.group_lab_user,1,0,0,0
access_lab_sop_retest_strategy_manager,lab.sop.retest.strategy.manager,model_lab_sop_retest_strategy,laboratory_management.group_lab_manager,1,1,1,1
access_lab_sop_retest_strategy_line_user,lab.sop.retest.strategy.line.user,model_lab_sop_retest_strategy_line,laboratory_management.group_lab_user,1,0,0,0
access_lab_sop_retest_strategy_line_manager,lab.sop.retest.strategy.line.manager,model_lab_sop_retest_strategy_line,laboratory_management.group_lab_manager,1,1,1,1
access_lab_sop_execution_user,lab.sop.execution.user,model_lab_sop_execution,laboratory_management.group_lab_user,1,1,1,0
access_lab_sop_execution_reviewer,lab.sop.execution.reviewer,model_lab_sop_execution,laboratory_management.group_lab_reviewer,1,1,1,0
access_lab_sop_execution_manager,lab.sop.execution.manager,model_lab_sop_execution,laboratory_management.group_lab_manager,1,1,1,1
access_lab_sop_execution_step_user,lab.sop.execution.step.user,model_lab_sop_execution_step,laboratory_management.group_lab_user,1,1,1,0
access_lab_sop_execution_step_manager,lab.sop.execution.step.manager,model_lab_sop_execution_step,laboratory_management.group_lab_manager,1,1,1,1
access_lab_sop_execution_event_user,lab.sop.execution.event.user,model_lab_sop_execution_event,laboratory_management.group_lab_reviewer,1,0,0,0
access_lab_sop_execution_event_manager,lab.sop.execution.event.manager,model_lab_sop_execution_event,laboratory_management.group_lab_manager,1,1,1,1
access_lab_sop_execution_dashboard_wizard_user,lab.sop.execution.dashboard.wizard.user,model_lab_sop_execution_dashboard_wizard,laboratory_management.group_lab_user,1,1,1,1
access_lab_task_sla_policy_user,lab.task.sla.policy.user,model_lab_task_sla_policy,laboratory_management.group_lab_user,1,0,0,0
access_lab_task_sla_policy_manager,lab.task.sla.policy.manager,model_lab_task_sla_policy,laboratory_management.group_lab_manager,1,1,1,1
access_lab_workstation_task_user,lab.workstation.task.user,model_lab_workstation_task,laboratory_management.group_lab_user,1,1,1,0
access_lab_workstation_task_reviewer,lab.workstation.task.reviewer,model_lab_workstation_task,laboratory_management.group_lab_reviewer,1,1,1,0
access_lab_workstation_task_manager,lab.workstation.task.manager,model_lab_workstation_task,laboratory_management.group_lab_manager,1,1,1,1
access_lab_workstation_task_event_user,lab.workstation.task.event.user,model_lab_workstation_task_event,laboratory_management.group_lab_user,1,0,0,0
access_lab_workstation_task_event_manager,lab.workstation.task.event.manager,model_lab_workstation_task_event,laboratory_management.group_lab_manager,1,1,1,1
access_lab_sop_branch_rule_user,lab.sop.branch.rule.user,model_lab_sop_branch_rule,laboratory_management.group_lab_user,1,0,0,0
access_lab_sop_branch_rule_manager,lab.sop.branch.rule.manager,model_lab_sop_branch_rule,laboratory_management.group_lab_manager,1,1,1,1
access_lab_sop_branch_run_user,lab.sop.branch.run.user,model_lab_sop_branch_run,laboratory_management.group_lab_reviewer,1,0,0,0
access_lab_sop_branch_run_manager,lab.sop.branch.run.manager,model_lab_sop_branch_run,laboratory_management.group_lab_manager,1,1,1,1
access_lab_interface_replay_batch_user,lab.interface.replay.batch.user,model_lab_interface_replay_batch,laboratory_management.group_lab_user,1,1,1,0
access_lab_interface_replay_batch_manager,lab.interface.replay.batch.manager,model_lab_interface_replay_batch,laboratory_management.group_lab_interface_admin,1,1,1,1
access_lab_interface_replay_batch_line_user,lab.interface.replay.batch.line.user,model_lab_interface_replay_batch_line,laboratory_management.group_lab_user,1,1,1,0
access_lab_interface_replay_batch_line_manager,lab.interface.replay.batch.line.manager,model_lab_interface_replay_batch_line,laboratory_management.group_lab_interface_admin,1,1,1,1
access_lab_task_board_wizard_user,lab.task.board.wizard.user,model_lab_task_board_wizard,laboratory_management.group_lab_user,1,1,1,1
access_lab_department_exception_template_user,lab.department.exception.template.user,model_lab_department_exception_template,laboratory_management.group_lab_user,1,0,0,0
access_lab_department_exception_template_manager,lab.department.exception.template.manager,model_lab_department_exception_template,laboratory_management.group_lab_manager,1,1,1,1
access_lab_permission_audit_snapshot_user,lab.permission.audit.snapshot.user,model_lab_permission_audit_snapshot,laboratory_management.group_lab_reviewer,1,1,1,0
access_lab_permission_audit_snapshot_manager,lab.permission.audit.snapshot.manager,model_lab_permission_audit_snapshot,laboratory_management.group_lab_manager,1,1,1,1
access_lab_permission_audit_snapshot_line_user,lab.permission.audit.snapshot.line.user,model_lab_permission_audit_snapshot_line,laboratory_management.group_lab_reviewer,1,0,0,0
access_lab_permission_audit_snapshot_line_manager,lab.permission.audit.snapshot.line.manager,model_lab_permission_audit_snapshot_line,laboratory_management.group_lab_manager,1,1,1,1
access_lab_permission_audit_wizard_user,lab.permission.audit.wizard.user,model_lab_permission_audit_wizard,laboratory_management.group_lab_user,1,1,1,1
access_lab_interface_reconciliation_report_user,lab.interface.reconciliation.report.user,model_lab_interface_reconciliation_report,laboratory_management.group_lab_reviewer,1,1,1,0
access_lab_interface_reconciliation_report_manager,lab.interface.reconciliation.report.manager,model_lab_interface_reconciliation_report,laboratory_management.group_lab_interface_admin,1,1,1,1
access_lab_interface_reconciliation_report_line_user,lab.interface.reconciliation.report.line.user,model_lab_interface_reconciliation_report_line,laboratory_management.group_lab_reviewer,1,0,0,0
access_lab_interface_reconciliation_report_line_manager,lab.interface.reconciliation.report.line.manager,model_lab_interface_reconciliation_report_line,laboratory_management.group_lab_interface_admin,1,1,1,1
access_lab_governance_workbench_wizard_user,lab.governance.workbench.wizard.user,model_lab_governance_workbench_wizard,laboratory_management.group_lab_user,1,1,1,1
access_lab_permission_audit_repair_user,lab.permission.audit.repair.user,model_lab_permission_audit_repair,laboratory_management.group_lab_reviewer,1,1,1,0
access_lab_permission_audit_repair_manager,lab.permission.audit.repair.manager,model_lab_permission_audit_repair,laboratory_management.group_lab_manager,1,1,1,1
access_lab_permission_audit_repair_line_user,lab.permission.audit.repair.line.user,model_lab_permission_audit_repair_line,laboratory_management.group_lab_reviewer,1,1,1,0
access_lab_permission_audit_repair_line_manager,lab.permission.audit.repair.line.manager,model_lab_permission_audit_repair_line,laboratory_management.group_lab_manager,1,1,1,1
access_lab_interface_reconciliation_export_wizard_user,lab.interface.reconciliation.export.wizard.user,model_lab_interface_reconciliation_export_wizard,laboratory_management.group_lab_user,1,1,1,1
access_lab_workstation_role_profile_user,lab.workstation.role.profile.user,model_lab_workstation_role_profile,laboratory_management.group_lab_user,1,0,0,0
access_lab_workstation_role_profile_manager,lab.workstation.role.profile.manager,model_lab_workstation_role_profile,laboratory_management.group_lab_manager,1,1,1,1
access_lab_workstation_assignment_rule_user,lab.workstation.assignment.rule.user,model_lab_workstation_assignment_rule,laboratory_management.group_lab_user,1,0,0,0
access_lab_workstation_assignment_rule_manager,lab.workstation.assignment.rule.manager,model_lab_workstation_assignment_rule,laboratory_management.group_lab_manager,1,1,1,1
access_lab_workstation_my_workbench_wizard_user,lab.workstation.my.workbench.wizard.user,model_lab_workstation_my_workbench_wizard,laboratory_management.group_lab_user,1,1,1,1
access_lab_sop_workflow_profile_user,lab.sop.workflow.profile.user,model_lab_sop_workflow_profile,laboratory_management.group_lab_user,1,0,0,0
access_lab_sop_workflow_profile_manager,lab.sop.workflow.profile.manager,model_lab_sop_workflow_profile,laboratory_management.group_lab_manager,1,1,1,1
access_lab_sop_decision_threshold_profile_user,lab.sop.decision.threshold.profile.user,model_lab_sop_decision_threshold_profile,laboratory_management.group_lab_reviewer,1,0,0,0
access_lab_sop_decision_threshold_profile_manager,lab.sop.decision.threshold.profile.manager,model_lab_sop_decision_threshold_profile,laboratory_management.group_lab_manager,1,1,1,1
access_lab_sop_exception_decision_user,lab.sop.exception.decision.user,model_lab_sop_exception_decision,laboratory_management.group_lab_reviewer,1,0,0,0
access_lab_sop_exception_decision_manager,lab.sop.exception.decision.manager,model_lab_sop_exception_decision,laboratory_management.group_lab_manager,1,1,1,1
access_lab_sop_exception_decision_run_user,lab.sop.exception.decision.run.user,model_lab_sop_exception_decision_run,laboratory_management.group_lab_reviewer,1,1,0,0
access_lab_sop_exception_decision_run_manager,lab.sop.exception.decision.run.manager,model_lab_sop_exception_decision_run,laboratory_management.group_lab_manager,1,1,1,1
access_lab_department_sop_version_user,lab.department.sop.version.user,model_lab_department_sop_version,laboratory_management.group_lab_user,1,0,0,0
access_lab_department_sop_version_manager,lab.department.sop.version.manager,model_lab_department_sop_version,laboratory_management.group_lab_manager,1,1,1,1
access_lab_retest_analytics_report_user,lab.retest.analytics.report.user,model_lab_retest_analytics_report,laboratory_management.group_lab_reviewer,1,1,1,0
access_lab_retest_analytics_report_manager,lab.retest.analytics.report.manager,model_lab_retest_analytics_report,laboratory_management.group_lab_manager,1,1,1,1
access_lab_retest_analytics_report_line_user,lab.retest.analytics.report.line.user,model_lab_retest_analytics_report_line,laboratory_management.group_lab_reviewer,1,0,0,0
access_lab_retest_analytics_report_line_manager,lab.retest.analytics.report.line.manager,model_lab_retest_analytics_report_line,laboratory_management.group_lab_manager,1,1,1,1
access_lab_service_authorization_user,lab.service.authorization.user,model_lab_service_authorization,laboratory_management.group_lab_reviewer,1,1,1,0
access_lab_service_authorization_manager,lab.service.authorization.manager,model_lab_service_authorization,laboratory_management.group_lab_quality_manager,1,1,1,1
access_lab_personnel_matrix_run_user,lab.personnel.matrix.run.user,model_lab_personnel_matrix_run,laboratory_management.group_lab_reviewer,1,1,1,0
access_lab_personnel_matrix_run_manager,lab.personnel.matrix.run.manager,model_lab_personnel_matrix_run,laboratory_management.group_lab_quality_manager,1,1,1,1
access_lab_personnel_matrix_run_line_user,lab.personnel.matrix.run.line.user,model_lab_personnel_matrix_run_line,laboratory_management.group_lab_reviewer,1,0,0,0
access_lab_personnel_matrix_run_line_manager,lab.personnel.matrix.run.line.manager,model_lab_personnel_matrix_run_line,laboratory_management.group_lab_quality_manager,1,1,1,1
access_lab_training_authorization_template_user,lab.training.authorization.template.user,model_lab_training_authorization_template,laboratory_management.group_lab_user,1,0,0,0
access_lab_training_authorization_template_manager,lab.training.authorization.template.manager,model_lab_training_authorization_template,laboratory_management.group_lab_manager,1,1,1,1
access_lab_training_authorization_template_line_user,lab.training.authorization.template.line.user,model_lab_training_authorization_template_line,laboratory_management.group_lab_user,1,0,0,0
access_lab_training_authorization_template_line_manager,lab.training.authorization.template.line.manager,model_lab_training_authorization_template_line,laboratory_management.group_lab_manager,1,1,1,1
